<?xml version="1.0" encoding="UTF-8"?>
<?xml-stylesheet type="text/css" href="catalog_19031737.css"?> 
<!DOCTYPE Page SYSTEM "catalog_19031737.dtd">

<Page xmlns:xsi="http://www.w3.org/2001/XMLSchema-instance" 
 		xsi:noNamespaceSchemaLocation="catalog_19031737.xsd">
	<BackgroundImage>
		<Logo></Logo>
		<Shop ID = "AS400">
			<ShopName> Dada Music Store </ShopName>
 		 </Shop>

		<slogan> Listen music according to your mood. </slogan>
	</BackgroundImage>

	<body>
		<Song id="S01">  
	 		<block1>
			 <Image img_id="img01"></Image>
				<About>
	 	       		<h1>Baby</h1>
	 				<Description>
						"Baby" is a song by Canadian singer Justin Bieber, alongside American rapper Ludacris. It was released as the lead single on Bieber's debut album, My World 2.0. The track was written by Bieber, Christina Milian, Tricky Stewart (who worked with Bieber on a previous single "One Time"), and American R and B singer The-Dream and produced by the latter two.
						It was available for digital download on January 18, 2010. The song received airplay directly after release, officially impacting mainstream and rhythmic radio on January 26, 2010. 
					</Description>
				</About>
			</block1>

			<block2>
				<details>
					<h2>Song Description</h2>
					<name> song name: Baby </name>
					<writer> written by: Tricky Stewart, Ludacris, Christina Milian, Tony Demash, The-Dream and Justin Bieber </writer>
					<producer> producer: Kuk Harrell and Def Jam Recordings</producer>
					<studio> Studio: Triangle Sound Studios The Ludaplex (Atlanta, Georgia)</studio>
					<length> Length of the song: 3:36</length>
					<singers>
						<singer type= "lead_singer">Justin Bieber</singer>
						<singer type="background_singer">Ludacris</singer>
					</singers>
					<released> release date: January 18, 2010</released>
					<label> label: Island RBMG</label>
					<achievement> Achievements: MTV video award for best new artist, Billboard Music award for top streaming song</achievement>
					<recorded> recorded in: 2009</recorded>
					<genre> Genre: POP song </genre>
					<price>Price:Rs700</price>
				</details>
				<int int_id="int1"></int>	
				</block2>
	 	 	</Song>

 		<Song id="S02"> 
		
		 <block1>
			<Image img_id="img02"></Image>	 
				<About>
	 				<h1> Old Town Road  </h1>
					<Description>
						"Old Town Road" is a song by the American rapper Lil Nas X, first released independently in December 2018. After gaining popularity, the single was re-released by Columbia Records in March 2019. Lil Nas X also recorded a remix with the American country singer Billy Ray Cyrus, which was released on April 5, 2019. 
					</Description>
	 			</About>
		</block1>

		<block2>
	 		<details>
			 	<h2>Song Description:</h2>
			 	<name> song name: Old Town Road </name>
				<writer> Written By: YoungKio, Atticus Ross, Trent Reznor and Lil Nas X</writer>
				<producer> Producer: YoungKio, Trent Reznor, Atticus Ross</producer>
				<coproducer>Co-Producer:Atticus Ross and Trent Reznor</coproducer>
				<studio> studio:CinCoYo (Atlanta, Georgia)</studio>
				<length>Length: 1:53</length>
				<singers> 
					<singer type="lead_singer">Singer:Lil NasX</singer>
				</singers>
				<distributor> Distributor: Sony Music Entertainment</distributor>
				<released> Released date: December 2, 2018 (original)</released>
				<publisher> Publisher:Copyright Control, Sony Music Entertainment, Form and Texture, Universal Music Group, Songs In The Key of Mink, Kobalt Music, Broma 16 and LatinAutor</publisher>
				<label> Columbia</label>
				<recorded> Recorded:December 2, 2018</recorded>
				<genre> Genre: Country rap ,trap pop, Southern hip hop</genre>
				<price> Price: Rs1500</price>
			</details>
			<int int_id="int2"></int>
	 	</block2>
		</Song>

		<Song id="S03">
			<block1>
				<Image img_id="img03"></Image>
				<About>
					<h1>Wavin' Flag </h1>
					<Description>
						"Wavin' Flag" is a song by Somali-Canadian artist K'naan from his album Troubadour. The song was originally written for Somalia and aspirations of its people for freedom.
					</Description>	
				</About>
			</block1>
			<block2>
				<details>
					<h2>Song Description:</h2>
					<name>Song Name: Wavin Flag</name>
					<writer> Written By:Keinan Abdi Warsame</writer>
					<producer> Producer: Kerry Brothers Jr. Bruno Mars</producer>
					<length> Length: 3:41</length>
					<singers> 
						<singer type="lead_singer">Singer: K'naan</singer>
						<singer type="background_singer"> Backing Vocals: Philip Lawrence and Bruno Mars</singer>
					</singers>
					<mixing> Mixing: Manny Marroquin</mixing>
					<released> Release date: March 18, 2009</released>
					<recorded> Recorded:June 2008</recorded>
					<genre> Genre:World reggae fusion</genre>
					<price> Price: Rs1000</price>
				</details>
				<int int_id="int3"></int>
			</block2>
		</Song>

 		<Song id="S04"> 
			<block1>
				<Image img_id="img04"></Image>
				<About>
					<h1> Memories  </h1>
					<Description>
						"Memories" is a song by American band Maroon 5, released through 222 and Interscope Records on September 20, 2019.
						Lyrically, the song pays homage to the memories of a loved one who has since passed. The song is based on "Canon in D Major" by German composer Johann Pachelbel.	
					</Description>
				</About>
			</block1>
			<block2>
				<details>
					<h2>Song Description:</h2>
					<name>Song Name: Memories </name>
					<writer> Written By:Adam Levine, Michael Pollack, Jon Bellion, Jordan K. Johnson, Stefan Johnson, Vincent Ford and Jacob Kasher</writer>
					<producer> Producers: Adam Levine, The Monsters and the Strangerz</producer>
					<length> Length: 3:09</length>
					<singers>
						<singer type="lead_singer"> Singer: Adam,</singer>
						<singer type="background_singer">Michael Pollack</singer>
					</singers>
					<distributor> Distibutor: Universal Music Group</distributor>
					
					<released> Released date: September 20, 2019</released>
					<publisher>Publisher:Beautiful Mind Records, Arthouse Entertainment,New World Music, Warner Music Group, Rap Kingpin Music</publisher>
					<Performanceright> Performance Rights:ASCAP and BMI</Performanceright>
					<label> Label: 	222 Interscope </label>
					<recorded> Recorded: 	2019</recorded>
					<genre> Genre: 	Reggae pop, roots rock</genre>
					<price> Price: Rs1700</price>
				</details>
				<int int_id="int4"></int>
			</block2>
		</Song>


		<Song id="S05">  
			<block1>
				<Image img_id="img05"></Image>
				<About>
				<h1>Shape of you </h1>
					<Description>
					"Shape of You" is a song by English singer-songwriter Ed Sheeran. It was released as a digital download on 6 January 2017 as one of the double lead singles from his third studio album ÷ (2017), along with "Castle on the Hill". The dancehall-infused pop song was written by Ed Sheeran, Steve Mac and Johnny McDaid
					</Description>
				</About>
			</block1>
			<block2>
				<details> 
					<h2>Song Description:</h2>
					<name>Song Name: Shape Of you</name>
					<writer> Written By: Lisa “Left Eye” Lopes, Tameka “Tiny” Harris, Kandi, Kevin “She’kspere” Briggs, Ed Sheeran and Johnny McDaid</writer>
					<studio> Studio:	Rokstone (London) Gingerbread Man (Suffolk and London)</studio>
					<length> Length: 3:53</length>
					<singers>
						<singer type="lead_singer">Ed Sheeran</singer>
						<singer type="background_singer">Jason Koenig, Geo Gabriel, Travis Cole, Wayne Hernandez and Ed Sheeran</singer>
					</singers>
					<released> Released date:January 6, 2017</released>
					<publisher> Publisher:Sony Music Entertainment, EMI Music Publishing Group, Warner/Chappell, New World Music, Warner-Tamerlane Publishing Corp., Warner Music Group, Shak’ em Down Music, Spirit Apollo Music, Polar Patrol Publishing, EMI April Music, Tony Mercedes Music, Tiny Tam Music, Rokstone Music, Kandacy Music, EMI Music Publishing, Air Control Music, Pepper Drive Music, Hitco Music, Sony Music UK, Universal Music Group and Ed Sheeran Limited</publisher>
					<label> Label: Asylum Records and Atlantic Records</label>
					<genre> Genre:	Pop, dancehall, tropical house</genre>
					<price> Price: Rs2000</price>
				</details>
				<int int_id="int5"></int>
			</block2>
		</Song>
	</body>
 
	<Footer>
		<logos></logos>
		<container>
	 		<Address country="Nepal"> Address: KTM </Address>
	 		<TelephoneNumber> Telephone: +161801478023</TelephoneNumber>
	 		<WebsiteURL> showcase.imfast.io/catalog_19031737.xml </WebsiteURL>
		</container>
	</Footer>

</Page>